#,,,,Gain,,,,Check,,,,Average,,,,Saturation,,,
#Day,Time,Address,State,L1cm,L3cm,R1cm,R3cm,L1cm,L3cm,R1cm,R3cm,L1cm,L3cm,R1cm,R3cm,L1cm,L3cm,R1cm,R3cm
2018-03-28,16:16:47,78:61:7c:34:25:97,ST,4,6,4,6,1,0,1,0,1603,3564,1187,3670,0,600,0,600
2018-03-28,16:16:48,78:61:7c:34:25:97,1,4,2,4,2,1,1,1,1,1603,2701,1187,2721,0,1,0,1
2018-03-28,16:16:48,78:61:7c:34:25:97,OK,5,1,6,1,1,1,1,1,1987,2351,1754,2141,0,0,0,0
2018-03-28,16:17:04,78:61:7c:34:25:97,ST,4,6,4,6,1,0,1,0,1600,3563,1186,3664,0,600,0,600
2018-03-28,16:17:05,78:61:7c:34:25:97,1,4,2,4,2,1,1,1,1,1600,2700,1186,2716,0,1,0,1
2018-03-28,16:17:05,78:61:7c:34:25:97,OK,5,1,6,1,1,1,1,1,1983,2349,1752,2138,0,0,0,0
2018-05-31,16:17:27,78:61:7c:34:25:97,ST,4,6,4,6,1,0,1,0,1541,3586,1345,3647,0,600,0,600
2018-05-31,16:17:28,78:61:7c:34:25:97,1,4,2,4,2,1,1,1,1,1541,2719,1344,2718,0,1,0,1
2018-05-31,16:17:29,78:61:7c:34:25:97,OK,5,1,6,1,1,1,1,1,1909,2355,1987,2198,0,0,0,0
2018-05-31,16:18:05,78:61:7c:34:25:97,ST,4,6,4,6,1,0,1,0,1529,3594,1337,3656,0,600,0,600
2018-05-31,16:18:06,78:61:7c:34:25:97,1,4,2,4,2,1,1,1,1,1529,2722,1337,2721,0,1,0,1
2018-05-31,16:18:06,78:61:7c:34:25:97,OK,5,1,6,1,1,1,1,1,1895,2342,1976,2185,0,0,0,0
2018-05-31,16:18:33,78:61:7c:34:25:97,ST,4,6,4,6,1,0,1,0,1524,3598,1333,3660,0,600,0,600
2018-05-31,16:18:34,78:61:7c:34:25:97,1,4,2,4,2,1,1,1,1,1523,2724,1333,2724,0,1,0,1
2018-05-31,16:18:35,78:61:7c:34:25:97,OK,5,1,6,1,1,1,1,1,1888,2336,1971,2179,0,0,0,0
2018-05-31,16:20:52,78:61:7c:34:25:97,ST,4,6,4,6,1,0,1,0,1474,3498,1465,3626,0,600,0,600
2018-05-31,16:20:53,78:61:7c:34:25:97,1,4,2,4,2,1,1,1,1,1474,2700,1465,2718,0,1,0,1
2018-05-31,16:20:54,78:61:7c:34:25:97,OK,5,1,5,1,1,1,1,1,1826,2585,1814,2259,0,1,0,0
2018-05-31,16:31:36,78:61:7c:34:25:97,ST,4,6,4,6,1,0,1,0,1459,3499,1479,3609,0,600,0,600
2018-05-31,16:31:37,78:61:7c:34:25:97,1,4,2,4,2,1,1,1,1,1459,2691,1478,2705,0,1,0,1
2018-05-31,16:31:38,78:61:7c:34:25:97,OK,5,1,5,1,1,1,1,1,1808,2570,1830,2287,0,1,0,0
2018-06-13,16:11:15,78:61:7c:34:25:97,ST,4,6,4,6,1,0,1,0,3898,0,3519,0,3,0,2,0
2018-06-13,16:11:15,78:61:7c:34:25:97,1,4,10,4,10,1,0,1,0,3898,0,3519,0,3,0,2,0
2018-06-13,16:11:16,78:61:7c:34:25:97,2,4,14,4,14,1,0,1,0,3898,0,3520,0,3,0,2,0
2018-06-13,16:11:17,78:61:7c:34:25:97,3,4,18,4,18,1,0,1,0,3898,0,3519,0,3,0,2,0
2018-06-13,16:11:18,78:61:7c:34:25:97,RE,4,22,4,22,1,0,1,0,3898,0,3519,0,3,0,2,0
2018-06-13,16:14:03,78:61:7c:34:25:97,ST,4,6,4,6,1,1,1,1,3590,506,894,521,2,0,0,0
2018-06-13,16:14:04,78:61:7c:34:25:97,OK,2,24,9,23,1,1,1,1,1832,1897,1997,1775,0,0,0,0
2018-06-13,16:18:21,78:61:7c:34:25:97,ST,4,6,4,6,1,1,1,0,1796,106,1087,3585,0,0,0,600
2018-06-13,16:18:22,78:61:7c:34:25:97,1,4,6,4,2,1,1,1,1,1794,106,1085,2055,0,0,0,0
2018-06-13,16:18:23,78:61:7c:34:25:97,OK,4,64,7,1,1,1,1,1,1794,1045,1862,1046,0,0,0,0
2018-06-20,14:47:15,78:61:7c:34:25:97,ST,4,6,4,6,1,0,1,0,987,3533,1347,3529,0,600,0,600
2018-06-20,14:47:16,78:61:7c:34:25:97,1,4,2,4,2,1,1,1,1,986,2669,1347,2660,0,1,0,1
2018-06-20,14:47:16,78:61:7c:34:25:97,OK,8,1,6,1,1,1,1,1,1932,2319,1991,2348,0,0,0,0
2018-06-20,14:49:34,78:61:7c:34:25:97,ST,4,6,4,6,1,0,1,0,979,3561,1334,3554,0,600,0,600
2018-06-20,14:49:35,78:61:7c:34:25:97,1,4,2,4,2,1,1,1,1,979,2687,1334,2676,0,1,0,1
2018-06-20,14:49:36,78:61:7c:34:25:97,OK,8,1,6,1,1,1,1,1,1916,2300,1972,2332,0,0,0,0
2018-06-20,17:31:22,78:61:7c:34:25:97,ST,4,6,4,6,1,0,1,0,1287,3580,1209,3804,0,600,0,600
2018-06-20,17:31:24,78:61:7c:34:25:97,1,4,2,4,2,1,1,1,1,1286,2689,1209,2734,0,1,0,1
2018-06-20,17:31:25,78:61:7c:34:25:97,OK,6,1,6,1,1,1,1,1,1902,2246,1787,1818,0,0,0,0
2018-06-21,14:52:47,78:61:7c:34:25:97,ST,4,6,4,6,1,0,1,0,1526,3545,1314,3486,0,600,0,600
2018-06-21,14:52:48,78:61:7c:34:25:97,1,4,2,4,2,1,1,1,1,1525,2705,1314,2678,0,1,0,1
2018-06-21,14:52:49,78:61:7c:34:25:97,OK,5,1,6,1,1,1,1,1,1891,2435,1942,2600,0,0,0,1
2018-06-21,15:08:05,78:61:7c:34:25:97,ST,4,6,4,6,1,0,1,0,1488,3568,1292,3502,0,600,0,600
2018-06-21,15:08:06,78:61:7c:34:25:97,1,4,2,4,2,1,1,1,1,1487,2711,1292,2682,0,1,0,1
2018-06-21,15:08:07,78:61:7c:34:25:97,OK,5,1,6,1,1,1,1,1,1844,2379,1909,2561,0,0,0,1
2018-06-21,15:08:39,78:61:7c:34:25:97,ST,4,6,4,6,1,0,1,0,1485,3568,1290,3502,0,600,0,600
2018-06-21,15:08:40,78:61:7c:34:25:97,1,4,2,4,2,1,1,1,1,1485,2711,1290,2682,0,1,0,1
2018-06-21,15:08:41,78:61:7c:34:25:97,OK,5,1,6,1,1,1,1,1,1841,2378,1906,2560,0,0,0,1
2018-06-21,15:15:23,78:61:7c:34:25:97,ST,4,6,4,6,1,0,1,0,1480,3567,1286,3500,0,600,0,600
2018-06-21,15:15:23,78:61:7c:34:25:97,1,4,2,4,2,1,1,1,1,1480,2708,1287,2680,0,1,0,1
2018-06-21,15:15:24,78:61:7c:34:25:97,OK,5,1,6,1,1,1,1,1,1835,2373,1902,2556,0,0,0,1
2018-06-21,15:53:22,78:61:7c:34:25:97,ST,4,6,4,6,1,0,1,0,1557,3543,356,4095,0,600,0,600
2018-06-21,15:53:23,78:61:7c:34:25:97,1,4,2,4,2,1,1,1,1,1556,2686,355,2490,0,1,0,0
2018-06-21,15:53:24,78:61:7c:34:25:97,OK,5,1,16,1,1,1,1,1,1930,2361,1381,1273,0,0,0,0
2018-06-21,16:43:05,78:61:7c:34:25:97,ST,4,6,4,6,1,0,1,0,1547,3550,361,4095,0,600,0,600
2018-06-21,16:43:07,78:61:7c:34:25:97,1,4,2,4,2,1,1,1,1,1546,2688,360,2512,0,1,0,1
2018-06-21,16:43:08,78:61:7c:34:25:97,OK,5,1,16,1,1,1,1,1,1917,2347,1400,1284,0,0,0,0
2018-06-21,16:48:41,78:61:7c:34:25:97,ST,4,6,4,6,1,0,1,0,1545,3552,361,4095,0,600,0,600
2018-06-21,16:48:43,78:61:7c:34:25:97,1,4,2,4,2,1,1,1,1,1545,2690,360,2509,0,1,0,1
2018-06-21,16:48:44,78:61:7c:34:25:97,OK,5,1,16,1,1,1,1,1,1915,2347,1399,1283,0,0,0,0
2018-06-21,16:55:30,78:61:7c:34:25:97,ST,4,6,4,6,1,0,1,0,1543,3560,360,4095,0,600,0,600
2018-06-21,16:55:32,78:61:7c:34:25:97,1,4,2,4,2,1,1,1,1,1542,2696,359,2515,0,1,0,1
2018-06-21,16:55:32,78:61:7c:34:25:97,OK,5,1,16,1,1,1,1,1,1912,2348,1395,1285,0,0,0,0
2018-06-21,16:55:47,78:61:7c:34:25:97,ST,4,6,4,6,1,0,1,0,1542,3560,360,4095,0,600,0,600
2018-06-21,16:55:48,78:61:7c:34:25:97,1,4,2,4,2,1,1,1,1,1542,2696,359,2515,0,1,0,1
2018-06-21,16:55:49,78:61:7c:34:25:97,OK,5,1,16,1,1,1,1,1,1911,2347,1395,1285,0,0,0,0
2018-06-21,16:58:16,78:61:7c:34:25:97,ST,4,6,4,6,1,0,1,0,1539,3560,359,4095,0,600,0,600
2018-06-21,16:58:17,78:61:7c:34:25:97,1,4,2,4,2,1,1,1,1,1539,2696,358,2513,0,1,0,1
2018-06-21,16:58:17,78:61:7c:34:25:97,OK,5,1,16,1,1,1,1,1,1908,2344,1393,1283,0,0,0,0
2018-06-21,16:59:18,78:61:7c:34:25:97,ST,4,6,4,6,1,0,1,0,1542,3565,360,4095,0,600,0,600
2018-06-21,16:59:19,78:61:7c:34:25:97,1,4,2,4,2,1,1,1,1,1541,2699,359,2513,0,1,0,1
2018-06-21,16:59:19,78:61:7c:34:25:97,OK,5,1,16,1,1,1,1,1,1911,2345,1394,1284,0,0,0,0
2018-06-21,17:40:57,78:61:7c:34:25:97,ST,4,6,4,6,1,0,1,0,1538,3574,357,4095,0,600,0,600
2018-06-21,17:40:57,78:61:7c:34:25:97,1,4,2,4,2,1,1,1,1,1538,2704,356,2492,0,1,0,1
2018-06-21,17:40:58,78:61:7c:34:25:97,OK,5,1,16,1,1,1,1,1,1906,2332,1385,1276,0,0,0,0
2018-06-21,17:55:05,78:61:7c:34:25:97,ST,4,6,4,6,1,0,1,0,1532,3574,356,4095,0,600,0,600
2018-06-21,17:55:07,78:61:7c:34:25:97,1,4,2,4,2,1,1,1,1,1531,2703,355,2493,0,1,0,1
2018-06-21,17:55:08,78:61:7c:34:25:97,OK,5,1,16,1,1,1,1,1,1899,2328,1379,1274,0,0,0,0
2018-06-21,17:57:13,78:61:7c:34:25:97,ST,4,6,4,6,1,0,1,0,1534,3574,356,4095,0,600,0,600
2018-06-21,17:57:14,78:61:7c:34:25:97,1,4,2,4,2,1,1,1,1,1534,2703,355,2492,0,1,0,1
2018-06-21,17:57:15,78:61:7c:34:25:97,OK,5,1,16,1,1,1,1,1,1902,2329,1381,1274,0,0,0,0
2018-06-21,17:58:39,78:61:7c:34:25:97,ST,4,6,4,6,1,0,1,0,1532,3575,356,4095,0,600,0,600
2018-06-21,17:58:39,78:61:7c:34:25:97,1,4,2,4,2,1,1,1,1,1532,2704,355,2494,0,1,0,1
2018-06-21,17:58:40,78:61:7c:34:25:97,OK,5,1,16,1,1,1,1,1,1900,2329,1379,1274,0,0,0,0
2018-06-21,18:02:20,78:61:7c:34:25:97,ST,4,6,4,6,1,0,1,0,1385,3645,1174,3845,0,600,0,600
2018-06-21,18:02:21,78:61:7c:34:25:97,1,4,2,4,2,1,1,1,1,1385,2723,1174,2757,0,1,0,1
2018-06-21,18:02:22,78:61:7c:34:25:97,OK,5,1,6,1,1,1,1,1,1717,2182,1736,1796,0,0,0,0
2018-06-21,18:05:12,78:61:7c:34:25:97,ST,4,6,4,6,1,0,1,0,1383,3643,1171,3848,0,600,0,600
2018-06-21,18:05:14,78:61:7c:34:25:97,1,4,2,4,2,1,1,1,1,1383,2723,1171,2758,0,1,0,1
2018-06-21,18:05:15,78:61:7c:34:25:97,OK,5,1,6,1,1,1,1,1,1715,2183,1731,1792,0,0,0,0
2018-06-21,18:12:25,78:61:7c:34:25:97,ST,4,6,4,6,1,0,1,0,1390,3646,1172,3846,0,600,0,600
2018-06-21,18:12:26,78:61:7c:34:25:97,1,4,2,4,2,1,1,1,1,1390,2727,1172,2757,0,1,0,1
2018-06-21,18:12:27,78:61:7c:34:25:97,OK,5,1,6,1,1,1,1,1,1724,2191,1733,1793,0,0,0,0
2018-06-21,18:17:49,78:61:7c:34:25:97,ST,4,6,4,6,1,0,1,0,1389,3643,1170,3847,0,600,0,600
2018-06-21,18:17:50,78:61:7c:34:25:97,1,4,2,4,2,1,1,1,1,1389,2725,1170,2756,0,1,0,1
2018-06-21,18:17:51,78:61:7c:34:25:97,OK,5,1,7,1,1,1,1,1,1722,2192,2008,1792,0,0,0,0
2018-06-21,18:25:49,78:61:7c:34:25:97,ST,4,6,4,6,1,0,1,0,1387,3643,1168,3849,0,600,0,600
2018-06-21,18:25:50,78:61:7c:34:25:97,1,4,2,4,2,1,1,1,1,1387,2725,1168,2759,0,1,0,1
2018-06-21,18:25:51,78:61:7c:34:25:97,OK,5,1,7,1,1,1,1,1,1720,2192,2005,1790,0,0,0,0
2018-06-22,15:08:10,78:61:7c:34:25:97,ST,4,6,4,6,0,0,0,0,4095,3079,4095,0,600,598,600,0
2018-06-22,15:08:10,78:61:7c:34:25:97,1,1,2,1,10,1,1,1,0,1450,2442,1615,0,0,0,0,0
2018-06-22,15:08:11,78:61:7c:34:25:97,2,1,2,1,14,1,1,1,0,1453,2443,1611,0,0,0,0,0
2018-06-22,15:08:12,78:61:7c:34:25:97,3,1,2,1,18,1,1,1,0,1455,2442,1608,0,0,0,0,0
2018-06-22,15:08:12,78:61:7c:34:25:97,RE,1,2,1,22,1,1,1,0,1457,2441,1605,0,0,0,0,0
2018-06-22,15:09:42,78:61:7c:34:25:97,ST,4,6,4,6,1,1,1,1,1061,638,830,548,0,0,0,0
2018-06-22,15:09:43,78:61:7c:34:25:97,OK,7,19,9,22,1,1,1,1,1831,1782,1833,1854,0,0,0,0
2018-06-22,15:11:59,78:61:7c:34:25:97,ST,4,6,4,6,1,0,1,1,246,0,411,494,0,0,0,0
2018-06-22,15:12:00,78:61:7c:34:25:97,1,4,10,4,6,1,0,1,1,247,0,411,493,0,0,0,0
2018-06-22,15:12:01,78:61:7c:34:25:97,2,4,14,4,6,1,0,1,1,246,0,411,493,0,0,0,0
2018-06-22,15:12:02,78:61:7c:34:25:97,3,4,18,4,6,1,0,1,1,246,1,409,491,0,0,0,0
2018-06-22,15:12:03,78:61:7c:34:25:97,RE,4,22,4,6,1,0,1,1,247,0,409,491,0,0,0,0
2018-06-22,15:14:49,78:61:7c:34:25:97,ST,4,6,4,6,0,0,0,0,1,0,1,0,0,0,0,0
2018-06-22,15:14:50,78:61:7c:34:25:97,1,8,10,8,10,0,0,0,0,4,0,3,0,0,0,0,0
2018-06-22,15:14:51,78:61:7c:34:25:97,2,12,14,12,14,0,0,0,0,5,0,4,0,0,0,0,0
2018-06-22,15:14:52,78:61:7c:34:25:97,GE,16,18,16,18,-1,0,-1,0,7,0,6,1,0,0,0,0
2018-06-22,15:19:54,78:61:7c:34:25:97,ST,4,6,4,6,1,0,1,0,1544,3495,1353,3507,0,600,0,600
2018-06-22,15:19:54,78:61:7c:34:25:97,1,4,2,4,2,1,1,1,1,1543,2652,1353,2641,0,1,0,1
2018-06-22,15:19:55,78:61:7c:34:25:97,OK,5,1,6,1,1,1,1,1,1912,2380,2000,2347,0,0,0,0
2018-06-22,15:20:25,78:61:7c:34:25:97,ST,4,6,4,6,1,0,1,0,1540,3494,1351,3506,0,600,0,600
2018-06-22,15:20:25,78:61:7c:34:25:97,1,4,2,4,2,1,1,1,1,1540,2651,1351,2639,0,1,0,1
2018-06-22,15:20:26,78:61:7c:34:25:97,OK,5,1,6,1,1,1,1,1,1908,2379,1997,2346,0,0,0,0
2018-06-22,15:32:46,78:61:7c:34:25:97,ST,4,6,4,6,1,0,1,0,1522,3496,1339,3509,0,600,0,600
2018-06-22,15:32:47,78:61:7c:34:25:97,1,4,2,4,2,1,1,1,1,1522,2651,1339,2641,0,1,0,1
2018-06-22,15:32:47,78:61:7c:34:25:97,OK,5,1,6,1,1,1,1,1,1887,2375,1979,2341,0,0,0,0
2018-06-22,15:37:10,78:61:7c:34:25:97,ST,4,6,4,6,1,0,1,0,1524,3497,1341,3511,0,600,0,600
2018-06-22,15:37:11,78:61:7c:34:25:97,1,4,2,4,2,1,0,1,0,1524,2933,1341,2932,0,201,0,201
2018-06-22,15:37:12,78:61:7c:34:25:97,2,4,1,4,1,1,1,1,1,1523,2377,1341,2343,0,0,0,0
2018-06-22,15:37:12,78:61:7c:34:25:97,OK,5,1,6,1,1,1,1,1,1889,2377,1982,2343,0,0,0,0
2018-06-22,15:39:51,78:61:7c:34:25:97,ST,4,6,4,6,1,0,1,0,1522,3501,1339,3515,0,600,0,600
2018-06-22,15:39:51,78:61:7c:34:25:97,1,4,2,4,2,1,0,1,0,1522,2937,1339,2935,0,201,0,201
2018-06-22,15:39:52,78:61:7c:34:25:97,2,4,1,4,1,1,1,1,1,1521,2377,1339,2343,0,0,0,0
2018-06-22,15:39:53,78:61:7c:34:25:97,OK,5,1,6,1,1,1,1,1,1886,2377,1979,2342,0,0,0,0
2018-06-22,15:50:37,78:61:7c:34:25:97,ST,4,6,4,6,1,0,1,0,1520,3528,1338,3539,0,600,0,600
2018-06-22,15:50:38,78:61:7c:34:25:97,1,4,2,4,2,1,1,1,1,1520,2678,1338,2666,0,1,0,1
2018-06-22,15:50:39,78:61:7c:34:25:97,OK,5,1,6,1,1,1,1,1,1885,2377,1977,2342,0,0,0,0
2018-06-22,15:51:51,78:61:7c:34:25:97,ST,4,6,4,6,1,0,1,0,1520,3528,1337,3539,0,600,0,600
2018-06-22,15:51:52,78:61:7c:34:25:97,1,4,2,4,2,1,1,1,1,1520,2677,1338,2665,0,1,0,1
2018-06-22,15:51:53,78:61:7c:34:25:97,OK,5,1,6,1,1,1,1,1,1884,2377,1977,2342,0,0,0,0
2018-06-22,15:52:56,78:61:7c:34:25:97,ST,4,6,4,6,1,0,1,0,1520,3515,1338,3527,0,600,0,600
2018-06-22,15:52:57,78:61:7c:34:25:97,1,4,2,4,2,1,1,1,1,1520,2667,1338,2656,0,1,0,1
2018-06-22,15:52:58,78:61:7c:34:25:97,OK,5,1,6,1,1,1,1,1,1884,2377,1977,2342,0,0,0,0
2018-06-22,15:54:43,78:61:7c:34:25:97,ST,4,6,4,6,1,0,1,0,1520,3511,1337,3522,0,600,0,600
2018-06-22,15:54:44,78:61:7c:34:25:97,1,4,2,4,2,1,1,1,1,1520,2663,1337,2651,0,1,0,1
2018-06-22,15:54:45,78:61:7c:34:25:97,OK,5,1,6,1,1,1,1,1,1884,2376,1976,2341,0,0,0,0
2018-06-22,15:56:45,78:61:7c:34:25:97,ST,4,6,4,6,1,0,1,0,1520,3503,1337,3515,0,600,0,600
2018-06-22,15:56:46,78:61:7c:34:25:97,1,4,2,4,2,1,1,1,1,1519,2657,1337,2646,0,1,0,1
2018-06-22,15:56:47,78:61:7c:34:25:97,OK,5,1,6,1,1,1,1,1,1884,2376,1976,2341,0,0,0,0
2018-06-22,15:58:46,78:61:7c:34:25:97,ST,4,6,4,6,1,0,1,0,1519,3497,1337,3510,0,600,0,600
2018-06-22,15:58:47,78:61:7c:34:25:97,1,4,2,4,2,1,1,1,1,1519,2651,1337,2641,0,1,0,1
2018-06-22,15:58:48,78:61:7c:34:25:97,OK,5,1,6,1,1,1,1,1,1883,2376,1975,2341,0,0,0,0
2018-06-22,16:02:38,78:61:7c:34:25:97,ST,4,6,4,6,1,0,1,0,693,3597,1282,3598,0,600,0,600
2018-06-22,16:02:39,78:61:7c:34:25:97,1,4,2,4,2,1,1,1,1,693,2686,1282,2672,0,1,0,1
2018-06-22,16:02:40,78:61:7c:34:25:97,OK,11,1,6,1,1,1,1,1,1856,2184,1894,2171,0,0,0,0
2018-06-22,16:05:28,78:61:7c:34:25:97,ST,4,6,4,6,1,0,1,0,689,3579,1279,3580,0,600,0,600
2018-06-22,16:05:29,78:61:7c:34:25:97,1,4,2,4,2,1,1,1,1,688,2676,1279,2661,0,1,0,1
2018-06-22,16:05:30,78:61:7c:34:25:97,OK,11,1,6,1,1,1,1,1,1843,2184,1890,2170,0,0,0,0
2018-06-22,16:09:57,78:61:7c:34:25:97,ST,4,6,4,6,1,0,1,0,703,3574,1282,3583,0,600,0,600
2018-06-22,16:09:58,78:61:7c:34:25:97,1,4,2,4,2,1,1,1,1,703,2675,1282,2662,0,1,0,1
2018-06-22,16:09:59,78:61:7c:34:25:97,OK,11,1,6,1,1,1,1,1,1882,2203,1894,2175,0,0,0,0
2018-06-22,16:11:30,78:61:7c:34:25:97,ST,4,6,4,6,1,0,1,0,702,3573,1280,3581,0,600,0,600
2018-06-22,16:11:31,78:61:7c:34:25:97,1,4,2,4,2,1,1,1,1,701,2672,1280,2658,0,1,0,1
2018-06-22,16:11:32,78:61:7c:34:25:97,OK,11,1,6,1,1,1,1,1,1879,2202,1892,2174,0,0,0,0
2018-06-22,16:17:29,78:61:7c:34:25:97,ST,4,6,4,6,1,0,1,0,700,3578,1278,3585,0,600,0,600
2018-06-22,16:17:30,78:61:7c:34:25:97,1,4,2,4,2,1,1,1,1,700,2676,1278,2663,0,1,0,1
2018-06-22,16:17:31,78:61:7c:34:25:97,OK,11,1,6,1,1,1,1,1,1874,2201,1889,2172,0,0,0,0
2018-06-22,16:21:49,78:61:7c:34:25:97,ST,4,6,4,6,1,0,1,0,699,3588,1278,3597,0,600,0,600
2018-06-22,16:21:49,78:61:7c:34:25:97,1,4,2,4,2,1,1,1,1,699,2684,1278,2672,0,1,0,1
2018-06-22,16:21:50,78:61:7c:34:25:97,OK,11,1,6,1,1,1,1,1,1872,2198,1888,2170,0,0,0,0
2018-06-22,16:26:44,78:61:7c:34:25:97,ST,4,6,4,6,1,0,1,0,695,3611,1279,3619,0,600,0,600
2018-06-22,16:26:45,78:61:7c:34:25:97,1,4,2,4,2,1,1,1,1,695,2702,1280,2689,0,1,0,1
2018-06-22,16:26:46,78:61:7c:34:25:97,OK,11,1,6,1,1,1,1,1,1861,2204,1891,2173,0,0,0,0
2018-06-22,16:29:06,78:61:7c:34:25:97,ST,4,6,4,6,0,1,1,1,4095,1694,1468,1118,600,0,0,0
2018-06-22,16:29:06,78:61:7c:34:25:97,1,1,6,4,6,1,1,1,1,1501,1714,1462,1118,0,0,0,0
2018-06-22,16:29:07,78:61:7c:34:25:97,OK,1,7,5,10,1,1,1,1,1501,1892,1810,1726,0,0,0,0
2018-06-25,11:54:59,78:61:7c:34:25:97,ST,4,6,4,6,1,0,1,0,1382,3453,673,3580,0,600,0,600
2018-06-25,11:55:00,78:61:7c:34:25:97,1,4,2,4,2,1,1,1,1,1381,2640,673,2666,0,1,0,1
2018-06-25,11:55:00,78:61:7c:34:25:97,OK,5,1,12,1,1,1,1,1,1712,2495,1962,2204,0,1,0,0
2018-06-26,15:48:19,78:61:7c:34:25:97,ST,4,6,4,6,1,0,1,0,1497,3462,1408,3508,0,600,0,600
2018-06-26,15:48:20,78:61:7c:34:25:97,1,4,2,4,2,1,1,1,1,1496,2644,1408,2640,0,1,0,1
2018-06-26,15:48:21,78:61:7c:34:25:97,OK,5,1,5,1,1,1,1,1,1855,2475,1745,2347,0,0,0,0
2018-06-26,16:26:10,78:61:7c:34:25:97,ST,4,6,4,6,1,0,1,0,1471,3480,1392,3523,0,600,0,600
2018-06-26,16:26:11,78:61:7c:34:25:97,1,4,2,4,2,1,1,1,1,1471,2655,1392,2649,0,1,0,1
2018-06-26,16:26:12,78:61:7c:34:25:97,OK,5,1,5,1,1,1,1,1,1824,2444,1724,2323,0,0,0,0
2018-06-26,20:21:15,78:61:7c:34:25:97,ST,4,6,4,6,1,0,1,0,1471,3577,1392,3623,0,600,0,600
2018-06-26,20:21:17,78:61:7c:34:25:97,1,4,2,4,2,1,1,1,1,1471,2731,1392,2726,0,1,0,1
2018-06-26,20:21:18,78:61:7c:34:25:97,OK,5,1,5,1,1,1,1,1,1824,2439,1725,2318,0,0,0,0
2018-06-28,13:56:57,78:61:7c:34:25:97,ST,4,6,4,6,1,0,1,0,1565,3550,1300,3537,0,600,0,600
2018-06-28,13:56:59,78:61:7c:34:25:97,1,4,2,4,2,1,1,1,1,1565,2673,1300,2641,0,1,0,1
2018-06-28,13:57:00,78:61:7c:34:25:97,OK,5,1,6,1,1,1,1,1,1940,2282,1921,2239,0,0,0,0
2018-06-28,14:06:31,78:61:7c:34:25:97,ST,4,6,4,6,1,0,1,0,1546,3588,1288,3587,0,599,0,599
2018-06-28,14:06:32,78:61:7c:34:25:97,1,4,2,4,2,1,1,1,1,1545,2697,1288,2674,0,1,0,1
2018-06-28,14:06:33,78:61:7c:34:25:97,OK,5,1,6,1,1,1,1,1,1915,2258,1903,2219,0,0,0,0
2018-06-28,14:08:34,78:61:7c:34:25:97,ST,4,6,4,6,1,0,1,0,1543,3567,1287,3561,0,600,0,600
2018-06-28,14:08:35,78:61:7c:34:25:97,1,4,2,4,2,1,1,1,1,1543,2680,1287,2653,0,1,0,1
2018-06-28,14:08:36,78:61:7c:34:25:97,OK,5,1,6,1,1,1,1,1,1913,2257,1902,2218,0,0,0,0
2018-06-28,14:41:19,78:61:7c:34:25:97,ST,4,6,4,6,1,1,1,1,858,392,736,543,0,0,0,0
2018-06-28,14:41:19,78:61:7c:34:25:97,OK,9,31,11,22,1,1,1,1,1890,1806,1977,1823,0,0,0,0
2018-06-28,14:49:21,78:61:7c:34:25:97,ST,4,6,4,6,1,1,1,1,830,652,980,732,0,0,0,0
2018-06-28,14:49:22,78:61:7c:34:25:97,OK,9,18,8,16,1,1,1,1,702,0,758,0,0,0,0,0
2018-06-28,15:19:37,78:61:7c:34:25:97,ST,4,6,4,6,1,1,1,1,107,228,1441,2317,0,0,0,0
2018-06-28,15:19:38,78:61:7c:34:25:97,OK,16,53,5,5,1,1,1,1,419,1823,1785,1810,0,0,0,0
2018-06-28,15:45:00,78:61:7c:34:25:97,ST,4,6,4,6,1,1,1,1,1131,962,1045,1625,0,0,0,0
2018-06-28,15:45:01,78:61:7c:34:25:97,OK,7,12,7,7,1,1,1,1,1958,1842,1816,1780,0,0,0,0
2018-06-29,13:12:53,78:61:7c:34:25:97,ST,4,6,4,6,1,1,1,1,1283,557,1338,1367,0,0,0,0
2018-06-29,13:12:55,78:61:7c:34:25:97,OK,6,22,6,8,1,1,1,1,1895,1881,1970,1752,0,0,0,0
2018-07-03,13:29:09,78:61:7c:34:25:97,ST,4,6,4,6,1,0,1,0,1407,3506,1281,3552,0,600,0,600
2018-07-03,13:29:09,78:61:7c:34:25:97,1,4,2,4,2,1,1,1,1,1407,2650,1281,2651,0,1,0,1
2018-07-03,13:29:10,78:61:7c:34:25:97,OK,5,1,6,1,1,1,1,1,1744,2339,1894,2238,0,0,0,0
2018-07-03,14:44:36,78:61:7c:34:25:97,ST,4,6,4,6,1,0,1,0,1325,3446,1300,3504,0,600,0,600
2018-07-03,14:44:38,78:61:7c:34:25:97,1,4,2,4,2,1,1,1,1,1325,2627,1300,2623,0,1,0,1
2018-07-03,14:44:38,78:61:7c:34:25:97,OK,6,1,6,1,1,1,1,1,1959,2464,1921,2284,0,0,0,0
2018-07-03,14:49:24,78:61:7c:34:25:97,ST,4,6,4,6,1,0,1,0,1245,3174,1294,3291,0,600,0,600
2018-07-03,14:49:25,78:61:7c:34:25:97,1,4,2,4,2,1,1,1,1,1244,2389,1294,2443,0,0,0,0
2018-07-03,14:49:25,78:61:7c:34:25:97,OK,6,1,6,1,1,1,1,1,1839,2447,1912,2278,0,0,0,0
2018-07-04,16:11:25,78:61:7c:34:25:97,ST,4,6,4,6,1,1,1,1,922,565,1140,914,0,0,0,0
2018-07-04,16:11:26,78:61:7c:34:25:97,OK,8,21,7,13,1,1,1,1,1799,1868,1956,1826,0,0,0,0
2018-07-04,16:13:42,78:61:7c:34:25:97,ST,4,6,4,6,1,1,1,1,877,726,1327,2103,0,0,0,0
2018-07-04,16:13:42,78:61:7c:34:25:97,OK,9,16,6,5,1,1,1,1,1927,1790,1935,1613,0,0,0,0
2018-07-04,16:23:40,78:61:7c:34:25:97,ST,4,6,4,6,1,1,1,1,1141,2443,960,1417,0,0,0,0
2018-07-04,16:23:41,78:61:7c:34:25:97,OK,7,5,8,8,1,1,1,1,1970,1931,1892,1859,0,0,0,0
2018-07-04,16:28:21,78:61:7c:34:25:97,ST,4,6,4,6,1,1,1,1,1309,1280,1181,1483,0,0,0,0
2018-07-04,16:28:22,78:61:7c:34:25:97,OK,6,9,6,8,1,1,1,1,1938,1897,1737,1913,0,0,0,0
2018-07-04,16:30:16,78:61:7c:34:25:97,ST,4,6,4,6,1,1,1,1,1594,1729,1379,1817,0,0,0,0
2018-07-04,16:30:17,78:61:7c:34:25:97,OK,5,7,5,6,1,1,1,1,1684,1597,1425,1568,0,0,0,0
2018-07-04,16:35:48,78:61:7c:34:25:97,ST,4,6,4,6,1,0,1,0,379,0,434,0,0,0,0,0
2018-07-04,16:35:49,78:61:7c:34:25:97,1,4,10,4,10,1,0,1,0,379,0,434,0,0,0,0,0
2018-07-04,16:35:50,78:61:7c:34:25:97,2,4,14,4,14,1,0,1,0,379,0,434,0,0,0,0,0
2018-07-04,16:35:51,78:61:7c:34:25:97,3,4,18,4,18,1,0,1,0,379,0,434,0,0,0,0,0
2018-07-04,16:35:51,78:61:7c:34:25:97,RE,4,22,4,22,1,0,1,0,379,0,434,0,0,0,0,0
2018-07-04,16:36:32,78:61:7c:34:25:97,ST,4,6,4,6,1,1,1,1,1276,793,905,927,0,0,0,0
2018-07-04,16:36:33,78:61:7c:34:25:97,OK,6,15,9,13,1,1,1,1,1844,1788,1940,1846,0,0,0,0
2018-07-04,16:37:59,78:61:7c:34:25:97,ST,4,6,4,6,1,1,1,1,1327,1407,784,1455,0,0,0,0
2018-07-04,16:38:00,78:61:7c:34:25:97,OK,6,8,10,8,1,1,1,1,1951,1829,1904,1899,0,0,0,0
2018-07-04,16:40:29,78:61:7c:34:25:97,ST,4,6,4,6,1,1,1,1,1286,1541,821,1559,0,0,0,0
2018-07-04,16:40:30,78:61:7c:34:25:97,OK,6,7,9,7,1,1,1,1,1891,1677,1774,1659,0,0,0,0
2018-07-04,16:43:56,78:61:7c:34:25:97,ST,4,6,4,6,1,1,1,1,1033,440,721,365,0,0,0,0
2018-07-04,16:43:57,78:61:7c:34:25:97,OK,7,27,11,33,1,1,1,1,1782,1883,1930,1886,0,0,0,0
2018-07-04,16:45:06,78:61:7c:34:25:97,ST,4,6,4,6,1,1,1,1,910,338,849,594,0,0,0,0
2018-07-04,16:45:06,78:61:7c:34:25:97,OK,9,36,9,20,1,1,1,1,2009,1887,1861,1836,0,0,0,0
2018-07-04,16:48:01,78:61:7c:34:25:97,ST,4,6,4,6,1,1,1,1,1135,643,1156,1913,0,0,0,0
2018-07-04,16:48:01,78:61:7c:34:25:97,OK,7,19,7,6,1,1,1,1,1960,1825,2006,1945,0,0,0,0
2018-07-04,17:04:39,78:61:7c:34:25:97,ST,4,6,4,6,1,1,1,1,1281,898,1200,1787,0,0,0,0
2018-07-04,17:04:40,78:61:7c:34:25:97,OK,6,13,6,6,1,1,1,1,1903,1823,1780,1801,0,0,0,0
2018-07-04,17:06:52,78:61:7c:34:25:97,ST,4,6,4,6,1,1,1,1,339,312,1257,1800,0,0,0,0
2018-07-04,17:06:53,78:61:7c:34:25:97,OK,16,39,6,6,1,1,1,1,1322,1910,1863,1809,0,0,0,0
2018-07-04,18:19:19,78:61:7c:34:25:97,ST,4,6,4,6,1,1,1,1,921,623,1272,2124,0,0,0,0
2018-07-04,18:19:21,78:61:7c:34:25:97,OK,8,19,6,5,1,1,1,1,1821,1725,1884,1668,0,0,0,0
2018-07-04,18:26:40,78:61:7c:34:25:97,ST,4,6,4,6,1,1,1,1,1405,1009,1307,3665,0,0,0,2
2018-07-04,18:26:41,78:61:7c:34:25:97,OK,5,12,6,3,1,1,1,1,1743,1905,1937,1977,0,0,0,0
2018-07-04,18:33:01,78:61:7c:34:25:97,ST,4,6,4,6,1,1,1,1,1406,944,1278,3549,0,0,0,2
2018-07-04,18:33:02,78:61:7c:34:25:97,OK,5,13,6,3,1,1,1,1,1744,1885,1880,1910,0,0,0,0
2018-07-04,18:39:10,78:61:7c:34:25:97,ST,4,6,4,6,1,1,1,1,1269,926,1191,3328,0,0,0,1
2018-07-04,18:39:11,78:61:7c:34:25:97,OK,6,13,6,3,1,1,1,1,1926,1898,1721,1763,0,0,0,0
2018-07-04,18:41:01,78:61:7c:34:25:97,ST,4,6,4,6,1,1,1,1,1228,903,1214,3366,0,0,0,2
2018-07-04,18:41:02,78:61:7c:34:25:97,OK,6,13,6,3,1,1,1,1,1791,1815,1796,1824,0,0,0,0
2018-07-04,18:50:59,78:61:7c:34:25:97,ST,4,6,4,6,1,1,1,1,1391,582,1506,2153,0,0,0,0
2018-07-04,18:50:59,78:61:7c:34:25:97,OK,5,21,5,5,1,1,1,1,1510,1864,1879,1695,0,0,0,0
2018-07-04,18:54:25,78:61:7c:34:25:97,ST,4,6,4,6,1,1,1,1,1088,550,1625,3256,0,0,0,1
2018-07-04,18:54:25,78:61:7c:34:25:97,OK,7,22,5,3,1,1,1,1,1866,1858,2015,1768,0,0,0,0
2018-07-04,18:56:19,78:61:7c:34:25:97,ST,4,6,4,6,1,1,1,1,1417,563,1647,3477,0,0,0,1
2018-07-04,18:56:20,78:61:7c:34:25:97,OK,5,21,4,3,1,1,1,1,1739,1849,1646,1884,0,0,0,0
2018-07-04,19:09:45,78:61:7c:34:25:97,ST,4,6,4,6,1,1,1,0,1176,722,1641,4095,0,0,0,600
2018-07-04,19:09:47,78:61:7c:34:25:97,1,4,6,4,2,1,1,1,1,1196,731,1637,1881,0,0,0,0
2018-07-04,19:09:48,78:61:7c:34:25:97,OK,6,16,5,2,1,1,1,1,1766,1820,2028,1877,0,0,0,0
2018-07-04,19:10:34,78:61:7c:34:25:97,ST,4,6,4,6,1,1,1,0,1157,705,1658,4095,0,0,0,600
2018-07-04,19:10:35,78:61:7c:34:25:97,1,4,6,4,2,1,1,1,1,1177,719,1662,1901,0,0,0,0
2018-07-04,19:10:36,78:61:7c:34:25:97,OK,6,17,4,2,1,1,1,1,1734,1770,1660,1906,0,0,0,0
2018-07-04,19:24:37,78:61:7c:34:25:97,ST,4,6,4,6,1,1,1,0,1182,748,1602,4095,0,0,0,600
2018-07-04,19:24:38,78:61:7c:34:25:97,1,4,6,4,2,1,1,1,1,1191,734,1588,1943,0,0,0,0
2018-07-04,19:24:39,78:61:7c:34:25:97,OK,6,16,5,2,1,1,1,1,1818,1828,1943,1923,0,0,0,0
2018-07-04,19:26:45,78:61:7c:34:25:97,ST,4,6,4,6,1,1,1,0,1146,723,1574,4095,0,0,0,600
2018-07-04,19:26:46,78:61:7c:34:25:97,1,4,6,4,2,1,1,1,1,1144,718,1565,1929,0,0,0,0
2018-07-04,19:26:47,78:61:7c:34:25:97,OK,7,17,5,2,1,1,1,1,1979,1778,1930,1923,0,0,0,0
2018-07-10,14:18:17,78:61:7c:34:25:97,ST,4,6,4,6,1,0,1,0,1401,3400,1868,3515,0,600,0,600
2018-07-10,14:18:18,78:61:7c:34:25:97,1,4,2,4,2,1,1,1,1,1401,2632,1868,2649,0,1,0,1
2018-07-10,14:18:18,78:61:7c:34:25:97,OK,5,1,4,1,1,1,1,1,1737,2670,1868,2362,0,1,0,0
2018-07-10,14:48:11,78:61:7c:34:25:97,ST,4,6,4,6,1,0,1,0,1389,3410,1841,3528,0,600,0,600
2018-07-10,14:48:13,78:61:7c:34:25:97,1,4,2,4,2,1,1,1,1,1389,2640,1842,2657,0,1,0,1
2018-07-10,14:48:13,78:61:7c:34:25:97,OK,5,1,4,1,1,1,1,1,1722,2657,1842,2344,0,1,0,0
2018-07-19,16:05:46,78:61:7c:34:25:97,ST,4,6,4,6,1,1,1,1,1108,773,656,1796,0,0,0,0
2018-07-19,16:05:47,78:61:7c:34:25:97,OK,7,15,12,6,1,1,1,1,1914,1846,1928,1826,0,0,0,0
2018-07-19,16:18:34,78:61:7c:34:25:97,ST,4,6,4,6,1,0,1,0,206,0,234,0,0,0,0,0
2018-07-19,16:18:35,78:61:7c:34:25:97,1,4,10,4,10,1,0,1,0,208,0,238,0,0,0,0,0
2018-07-19,16:18:36,78:61:7c:34:25:97,2,4,14,4,14,1,0,1,0,209,0,239,0,0,0,0,0
2018-07-19,16:18:37,78:61:7c:34:25:97,3,4,18,4,18,1,0,1,0,210,0,241,0,0,0,0,0
2018-07-19,16:18:38,78:61:7c:34:25:97,RE,4,22,4,22,1,0,1,0,210,0,241,0,0,0,0,0
2018-07-21,14:01:09,78:61:7c:34:25:97,ST,4,6,4,6,0,1,1,1,91,226,1136,2551,0,0,0,1
2018-07-21,14:01:10,78:61:7c:34:25:97,1,8,6,4,6,1,1,1,1,180,227,1135,2574,0,0,0,1
2018-07-21,14:01:11,78:61:7c:34:25:97,OK,16,54,7,4,1,1,1,1,365,1830,1957,1829,0,0,0,0
2018-07-21,15:35:42,78:61:7c:34:25:97,ST,4,6,4,6,1,1,0,1,756,339,4095,344,0,0,600,0
2018-07-21,15:35:43,78:61:7c:34:25:97,1,4,6,1,6,1,1,1,1,821,345,1235,404,0,0,0,0
2018-07-21,15:35:43,78:61:7c:34:25:97,OK,9,35,1,30,1,1,1,1,1645,1797,1292,1673,0,0,0,0
2018-07-21,15:38:34,78:61:7c:34:25:97,ST,4,6,4,6,1,0,1,0,336,0,388,0,0,0,0,0
2018-07-21,15:38:35,78:61:7c:34:25:97,1,4,10,4,10,1,0,1,0,336,0,388,0,0,0,0,0
2018-07-21,15:38:36,78:61:7c:34:25:97,2,4,14,4,14,1,0,1,0,336,0,388,0,0,0,0,0
2018-07-21,15:38:36,78:61:7c:34:25:97,3,4,18,4,18,1,0,1,0,336,0,388,0,0,0,0,0
2018-07-21,15:38:37,78:61:7c:34:25:97,RE,4,22,4,22,1,0,1,0,336,0,388,0,0,0,0,0
2018-07-21,15:38:58,78:61:7c:34:25:97,ST,4,6,4,6,1,1,0,1,255,255,4095,510,0,0,600,0
2018-07-21,15:38:59,78:61:7c:34:25:97,1,4,6,1,6,1,1,1,1,257,260,1236,505,0,0,0,0
2018-07-21,15:38:59,78:61:7c:34:25:97,OK,16,47,1,24,1,1,1,1,1007,1868,1249,1801,0,0,0,0
2018-07-23,02:32:31,78:61:7c:34:25:97,ST,4,6,4,6,1,1,1,1,1428,696,827,657,0,0,0,0
2018-07-23,02:32:32,78:61:7c:34:25:97,OK,5,17,9,18,1,1,1,1,1770,1721,1818,1873,0,0,0,0
2018-07-23,13:29:03,78:61:7c:34:25:97,ST,4,6,4,6,1,0,1,0,1291,3472,787,3649,0,600,0,600
2018-07-23,13:29:04,78:61:7c:34:25:97,1,4,2,4,2,1,1,1,1,1291,2647,787,2685,0,1,0,1
2018-07-23,13:29:05,78:61:7c:34:25:97,OK,6,1,10,1,1,1,1,1,1909,2450,1916,2068,0,0,0,0
2018-07-23,13:31:39,78:61:7c:34:25:97,ST,4,6,4,6,1,0,1,0,1284,3450,783,3631,0,600,0,600
2018-07-23,13:31:40,78:61:7c:34:25:97,1,4,2,4,2,1,1,1,1,1284,2630,783,2673,0,1,0,1
2018-07-23,13:31:41,78:61:7c:34:25:97,OK,6,1,10,1,1,1,1,1,1899,2445,1907,2065,0,0,0,0
2018-07-23,16:22:51,78:61:7c:34:25:97,ST,4,6,4,6,1,0,0,1,2312,4095,4095,3900,0,600,600,3
2018-07-23,16:22:53,78:61:7c:34:25:97,1,4,2,1,6,1,1,1,1,2320,1944,1424,3909,0,0,0,3
2018-07-23,16:22:54,78:61:7c:34:25:97,OK,3,2,1,3,1,1,1,1,1774,1958,1426,2121,0,0,0,0
